{"cameraMode":{"drawMode":0,"name":"Shaded","section":"Shading Mode"},"sceneLighting":true,"audioPlay":false,"sceneViewState":{"m_AlwaysRefresh":true,"showFog":true,"showSkybox":true,"showFlares":true,"showImageEffects":true,"showParticleSystems":true,"showVisualEffectGraphs":true,"m_FxEnabled":true},"in2DMode":false,"pivot":{"x":-0.6084551215171814,"y":-6.763470649719238,"z":4.680230140686035},"rotation":{"x":-0.4432249665260315,"y":-0.019880888983607293,"z":0.009841612540185452,"w":-0.8961496353149414},"size":11.099477767944336,"orthographic":false}