{"cameraMode":{"drawMode":0,"name":"Shaded","section":"Shading Mode"},"sceneLighting":true,"audioPlay":false,"sceneViewState":{"m_AlwaysRefresh":true,"showFog":true,"showSkybox":true,"showFlares":true,"showImageEffects":true,"showParticleSystems":true,"showVisualEffectGraphs":true,"m_FxEnabled":true},"in2DMode":false,"pivot":{"x":1.3568764925003052,"y":-6.497669219970703,"z":-4.941200256347656},"rotation":{"x":-0.4329919219017029,"y":-0.05832633748650551,"z":0.028096603229641916,"w":-0.8990970849990845},"size":1.9444892406463624,"orthographic":false}