{"cameraMode":{"drawMode":0,"name":"Shaded","section":"Shading Mode"},"sceneLighting":false,"audioPlay":false,"sceneViewState":{"m_AlwaysRefresh":true,"showFog":true,"showSkybox":true,"showFlares":true,"showImageEffects":true,"showParticleSystems":true,"showVisualEffectGraphs":true,"m_FxEnabled":true},"in2DMode":false,"pivot":{"x":-5.223317623138428,"y":-7.985874176025391,"z":-3.515960216522217},"rotation":{"x":-0.4695018231868744,"y":0.002411634661257267,"z":-0.0012524632038548589,"w":-0.8829687237739563},"size":1.5800271034240723,"orthographic":false}