{"cameraMode":{"drawMode":0,"name":"Shaded","section":"Shading Mode"},"sceneLighting":false,"audioPlay":false,"sceneViewState":{"m_AlwaysRefresh":true,"showFog":true,"showSkybox":false,"showFlares":true,"showImageEffects":true,"showParticleSystems":true,"showVisualEffectGraphs":true,"m_FxEnabled":true},"in2DMode":false,"pivot":{"x":-0.059559326618909839,"y":0.2828494608402252,"z":0.017193390056490899},"rotation":{"x":0.2573065161705017,"y":-0.03419743478298187,"z":0.009112844243645668,"w":0.9656835794448853},"size":0.7451810836791992,"orthographic":false}