{"cameraMode":{"drawMode":0,"name":"Shaded","section":"Shading Mode"},"sceneLighting":false,"audioPlay":false,"sceneViewState":{"m_AlwaysRefresh":true,"showFog":true,"showSkybox":false,"showFlares":true,"showImageEffects":true,"showParticleSystems":true,"showVisualEffectGraphs":true,"m_FxEnabled":true},"in2DMode":false,"pivot":{"x":1.9178508520126343,"y":-8.239999771118164,"z":-3.5085349082946779},"rotation":{"x":0.32744261622428896,"y":-0.0050999694503843788,"z":0.0017691858811303974,"w":0.9448577165603638},"size":0.10944755375385285,"orthographic":false}