{"cameraMode":{"drawMode":0,"name":"Shaded","section":"Shading Mode"},"sceneLighting":false,"audioPlay":false,"sceneViewState":{"m_AlwaysRefresh":true,"showFog":true,"showSkybox":false,"showFlares":true,"showImageEffects":true,"showParticleSystems":true,"showVisualEffectGraphs":true,"m_FxEnabled":true},"in2DMode":false,"pivot":{"x":-0.16917191445827485,"y":-7.4331865310668949,"z":-2.599820852279663},"rotation":{"x":0.2573065161705017,"y":-0.03419743478298187,"z":0.009112844243645668,"w":0.9656835794448853},"size":0.1094474121928215,"orthographic":false}