{"cameraMode":{"drawMode":0,"name":"Shaded","section":"Shading Mode"},"sceneLighting":false,"audioPlay":false,"sceneViewState":{"m_AlwaysRefresh":true,"showFog":true,"showSkybox":false,"showFlares":true,"showImageEffects":true,"showParticleSystems":true,"showVisualEffectGraphs":true,"m_FxEnabled":true},"in2DMode":false,"pivot":{"x":-1.6115872859954835,"y":-7.392673492431641,"z":-3.7803945541381838},"rotation":{"x":0.23070017993450166,"y":0.005256274249404669,"z":-0.0012453128583729268,"w":0.9730119109153748},"size":0.1094474196434021,"orthographic":false}