{"cameraMode":{"drawMode":0,"name":"Shaded","section":"Shading Mode"},"sceneLighting":false,"audioPlay":false,"sceneViewState":{"m_AlwaysRefresh":true,"showFog":true,"showSkybox":false,"showFlares":true,"showImageEffects":true,"showParticleSystems":true,"showVisualEffectGraphs":true,"m_FxEnabled":true},"in2DMode":false,"pivot":{"x":1.7881393432617188e-7,"y":1.120115876197815,"z":0.01777815818786621},"rotation":{"x":-0.31492742896080019,"y":-0.013365482911467553,"z":0.0044433120638132099,"w":-0.9490266442298889},"size":1.5278263092041016,"orthographic":false}