{"cameraMode":{"drawMode":0,"name":"Shaded","section":"Shading Mode"},"sceneLighting":false,"audioPlay":false,"sceneViewState":{"m_AlwaysRefresh":true,"showFog":true,"showSkybox":false,"showFlares":true,"showImageEffects":true,"showParticleSystems":true,"showVisualEffectGraphs":true,"m_FxEnabled":true},"in2DMode":false,"pivot":{"x":-2.354158878326416,"y":-7.658097267150879,"z":-2.5670180320739748},"rotation":{"x":0.5900769829750061,"y":-0.009201189503073693,"z":0.006726827938109636,"w":0.8072687387466431},"size":0.10944738239049912,"orthographic":false}