{"cameraMode":{"drawMode":0,"name":"Shaded","section":"Shading Mode"},"sceneLighting":false,"audioPlay":false,"sceneViewState":{"m_AlwaysRefresh":true,"showFog":true,"showSkybox":false,"showFlares":true,"showImageEffects":true,"showParticleSystems":true,"showVisualEffectGraphs":true,"m_FxEnabled":true},"in2DMode":false,"pivot":{"x":0.016447443515062333,"y":-0.024550003930926324,"z":-0.024194195866584779},"rotation":{"x":0.3665923476219177,"y":0.03404831513762474,"z":-0.01341012492775917,"w":0.9296762943267822},"size":0.10944751650094986,"orthographic":false}