{"cameraMode":{"drawMode":0,"name":"Shaded","section":"Shading Mode"},"sceneLighting":false,"audioPlay":false,"sceneViewState":{"m_AlwaysRefresh":true,"showFog":true,"showSkybox":false,"showFlares":true,"showImageEffects":true,"showParticleSystems":true,"showVisualEffectGraphs":true,"m_FxEnabled":true},"in2DMode":false,"pivot":{"x":1.1920928955078126e-7,"y":0.7535274624824524,"z":0.016364753246307374},"rotation":{"x":0.2675434648990631,"y":-0.049102533608675,"z":0.013758797198534012,"w":0.9622232913970947},"size":1.191494345664978,"orthographic":false}